{
    "1": [
        0.12321536394217697,
        1181.572224388744
    ],
    "2": [
        0.12331550951317002,
        1176.9435138419103
    ],
    "3": [
        0.12304449062187069,
        1187.5736840967047
    ]
}