{
    "RFS": {
        "port": 4,
        "pwm_vals": [
            5200,
            8400,
            2100
        ],
        "ang_vals": [
            0.0,
            1.5707963267948966,
            -1.5707963267948966
        ]
    },
    "LFS": {
        "port": 5,
        "pwm_vals": [
            5400,
            8500,
            2400
        ],
        "ang_vals": [
            0.0,
            1.5707963267948966,
            -1.5707963267948966
        ]
    },
    "RBS": {
        "port": 4,
        "pwm_vals": [
            4950,
            8000,
            1850
        ],
        "ang_vals": [
            0.0,
            1.5707963267948966,
            -1.5707963267948966
        ]
    },
    "LBS": {
        "port": 6,
        "pwm_vals": [
            5000,
            8000,
            1850
        ],
        "ang_vals": [
            0.0,
            1.5707963267948966,
            -1.5707963267948966
        ]
    },
    "RBU": {
        "port": 5,
        "pwm_vals": [
            3200,
            6300
        ],
        "ang_vals": [
            0.0,
            1.5707963267948966
        ]
    },
    "RBL": {
        "port": 6,
        "pwm_vals": [
            6000,
            4600
        ],
        "ang_vals": [
            1.1563524979914483,
            1.5707963267948966
        ]
    }
}