{
    "l_chassis": 0.31559532,
    "w_chassis": 0.07183850,
    "l_shoulder": 0.04715084,
    "l_upper": 0.192,
    "l_lower": 0.192,
    "r_foot": 0.020,
    "servos": {
        "RBS": {
            "port": 0,
            "pwm_vals": [
                4300,
                1800,
                6800
            ],
            "ang_vals": [
                0,
                -1.5707963267948966,
                1.5707963267948966
            ]
        },
        "RBU": {
            "port": 1,
            "pwm_vals": [
                1500,
                5000
            ],
            "ang_vals": [
                0,
                1.5707963267948966
            ]
        },
        "RBL": {
            "port": 2,
            "pwm_vals": [
                3000,
                3900,
                5000
            ],
            "ang_vals": [
                0.87,
                1.5707963267948966,
                2.07
            ]
        },
        "LBS": {
            "port": 8,
            "pwm_vals": [
                4800,
                7400,
                2400
            ],
            "ang_vals": [
                0,
                -1.5707963267948966,
                1.5707963267948966
            ]
        },
        "LBU": {
            "port": 9,
            "pwm_vals": [
                6200,
                2500
            ],
            "ang_vals": [
                0,
                1.5707963267948966
            ]
        },
        "LBL": {
            "port": 10,
            "pwm_vals": [
                7052,
                5300,
                4052
            ],
            "ang_vals": [
                0.87,
                1.5707963267948966,
                2.07
            ]
        },
        "RFS": {
            "port": 4,
            "pwm_vals": [
                5200,
                7600,
                2800
            ],
            "ang_vals": [
                0,
                -1.5707963267948966,
                1.5707963267948966
            ]
        },
        "RFU": {
            "port": 5,
            "pwm_vals": [
                6400,
                8800
            ],
            "ang_vals": [
                0,
                1.5707963267948966
            ]
        },
        "RFL": {
            "port": 6,
            "pwm_vals": [
                7052,
                5300,
                4052
            ],
            "ang_vals": [
                0.87,
                1.5707963267948966,
                2.07
            ]
        },
        "LFS": {
            "port": 12,
            "pwm_vals": [
                5000,
                2700,
                7300
            ],
            "ang_vals": [
                0,
                -1.5707963267948966,
                1.5707963267948966
            ]
        },
        "LFU": {
            "port": 13,
            "pwm_vals": [
                7600,
                4000
            ],
            "ang_vals": [
                0,
                1.5707963267948966
            ]
        },
        "LFL": {
            "port": 14,
            "pwm_vals": [
                7452,
                5700,
                4452
            ],
            "ang_vals": [
                0.9424777960769379,
                1.5707963267948966,
                2.199114857512855
            ]
        }
    }
}