{
    "l_chassis": 184e-3,
    "w_chassis": 57.5e-3,
    "l_shoulder": 29.5e-3,
    "l_upper": 70.123e-3,
    "l_lower": 61.97e-3,
    "r_foot": 4.9e-3,
    "servos": {
        "RBS": {
            "port": 0,
            "pwm_vals": [
                4800,
                1800,
                7800
            ],
            "ang_vals": [
                0,
                -1.5707963267948966,
                1.5707963267948966
            ]
        },
        "RBU": {
            "port": 1,
            "pwm_vals": [
                5000,
                8200
            ],
            "ang_vals": [
                0,
                1.5707963267948966
            ]
        },
        "RBL": {
            "port": 2,
            "pwm_vals": [
                4100,
                4700,
                6700
            ],
            "ang_vals": [
                0.9424777960769379,
                1.5707963267948966,
                2.74
            ]
        },
        "LBS": {
            "port": 4,
            "pwm_vals": [
                5200,
                2200,
                8200
            ],
            "ang_vals": [
                0,
                -1.5707963267948966,
                1.5707963267948966
            ]
        },
        "LBU": {
            "port": 5,
            "pwm_vals": [
                4500,
                7500
            ],
            "ang_vals": [
                0,
                1.5707963267948966
            ]
        },
        "LBL": {
            "port": 6,
            "pwm_vals": [
                3700,
                4300,
                4900
            ],
            "ang_vals": [
                0.9424777960769379,
                1.5707963267948966,
                2.199114857512855
            ]
        },
        "RFS": {
            "port": 8,
            "pwm_vals": [
                5000,
                8000,
                2000
            ],
            "ang_vals": [
                0,
                -1.5707963267948966,
                1.5707963267948966
            ]
        },
        "RFU": {
            "port": 9,
            "pwm_vals": [
                3800,
                6800
            ],
            "ang_vals": [
                0,
                1.5707963267948966
            ]
        },
        "RFL": {
            "port": 10,
            "pwm_vals": [
                5900,
                5500,
                4700
            ],
            "ang_vals": [
                0.9424777960769379,
                1.5707963267948966,
                2.199114857512855
            ]
        },
        "LFS": {
            "port": 12,
            "pwm_vals": [
                5000,
                8000,
                2000
            ],
            "ang_vals": [
                0,
                -1.5707963267948966,
                1.5707963267948966
            ]
        },
        "LFU": {
            "port": 13,
            "pwm_vals": [
                6300,
                3300
            ],
            "ang_vals": [
                0,
                1.5707963267948966
            ]
        },
        "LFL": {
            "port": 14,
            "pwm_vals": [
                4000,
                4600,
                5200
            ],
            "ang_vals": [
                0.9424777960769379,
                1.5707963267948966,
                2.199114857512855
            ]
        }
    }
}